{
  "original": {
    "label": "original",
    "total": 640,
    "errors": 0,
    "won": 412,
    "success_rate": 0.64375,
    "avg_steps": 25.909375,
    "avg_final_score": 0.64375,
    "avg_wall_seconds": 276.741265625,
    "by_task_type": {
      "look_at_obj_in_light": {
        "won": 34,
        "total": 60,
        "success_rate": 0.5666666666666667,
        "avg_steps": 26.066666666666666
      },
      "pick_and_place_simple": {
        "won": 118,
        "total": 144,
        "success_rate": 0.8194444444444444,
        "avg_steps": 15.854166666666666
      },
      "pick_clean_then_place_in_recep": {
        "won": 64,
        "total": 112,
        "success_rate": 0.5714285714285714,
        "avg_steps": 28.017857142857142
      },
      "pick_two_obj_and_place": {
        "won": 112,
        "total": 140,
        "success_rate": 0.8,
        "avg_steps": 24.35
      },
      "pick_cool_then_place_in_recep": {
        "won": 59,
        "total": 99,
        "success_rate": 0.5959595959595959,
        "avg_steps": 28.232323232323232
      },
      "pick_heat_then_place_in_recep": {
        "won": 25,
        "total": 85,
        "success_rate": 0.29411764705882354,
        "avg_steps": 39.917647058823526
      }
    }
  },
  "augmented": {
    "label": "augmented",
    "total": 640,
    "errors": 0,
    "won": 459,
    "success_rate": 0.7171875,
    "avg_steps": 23.8453125,
    "avg_final_score": 0.7171875,
    "avg_wall_seconds": 271.727625,
    "by_task_type": {
      "look_at_obj_in_light": {
        "won": 36,
        "total": 60,
        "success_rate": 0.6,
        "avg_steps": 24.033333333333335
      },
      "pick_and_place_simple": {
        "won": 120,
        "total": 144,
        "success_rate": 0.8333333333333334,
        "avg_steps": 15.729166666666666
      },
      "pick_clean_then_place_in_recep": {
        "won": 72,
        "total": 112,
        "success_rate": 0.6428571428571429,
        "avg_steps": 26.839285714285715
      },
      "pick_cool_then_place_in_recep": {
        "won": 59,
        "total": 99,
        "success_rate": 0.5959595959595959,
        "avg_steps": 28.91919191919192
      },
      "pick_two_obj_and_place": {
        "won": 118,
        "total": 140,
        "success_rate": 0.8428571428571429,
        "avg_steps": 22.84285714285714
      },
      "pick_heat_then_place_in_recep": {
        "won": 54,
        "total": 85,
        "success_rate": 0.6352941176470588,
        "avg_steps": 29.258823529411764
      }
    }
  },
  "config": {
    "n": 640,
    "max_steps": 50,
    "model": "Qwen3.5-35B-A3B-FP8",
    "base_url": "http://localhost:8000/v1",
    "temperature": 0.0,
    "concurrency": 64,
    "seed": 0,
    "out_dir": "/data/home/yuhan/env-aug/env2scaffold/baseline_eval",
    "phase": "both",
    "splits": "valid_seen,valid_unseen,train"
  }
}